{"Gulshan/Banani": 85.65217391304348, "Ramna": 80.18181818181819, "Malibagh": 77.81818181818181, "Baridhara": 77.5, "Bashundhara Residential Area": 77.5, "Uttara": 76.63636363636364, "Farmgate": 76.25, "Khilgaon": 75.33333333333333, "Dhanmondi": 75.10416666666667, "Pallabi": 75.0, "Dhaka University Campus Area": 72.45454545454545, "Kolabagan": 72.22222222222223, "Paltan": 71.33333333333333, "Dhaka Cantonment": 70.0, "Mohammadpur": 66.66666666666667, "Narayanganj": 60.0, "Puran Dhaka": 59.625, "Mirpur": 57.75, "Airport Area": 55.0, "Motijheel": 47.111111111111114}